Title,imdbID,Year,Released,Runtime,Genre,Director,Actors,Plot,Metascore,imdbRating,tomatoRating,netflixRating,netflixID
Jem and the Holograms,tt3614530,2015,23 Oct 2015,118 min,"Adventure, Drama, Fantasy",Jon M. Chu,"Aubrey Peeples, Stefanie Scott, Aurora Perrineau, Hayley Kiyoko","As a small-town girl catapults from underground video sensation to global superstar, she and her three sisters begin a journey of discovering that some talents are too special to keep hidden.",42,3.4,3.5,,
Legend,tt3569230,2015,20 Nov 2015,132 min,"Biography, Crime, Drama",Brian Helgeland,"Colin Morgan, Tom Hardy, Christopher Eccleston, Joshua Hill","The film tells the story of the identical twin gangsters Reggie and Ronnie Kray, two of the most notorious criminals in British history, and their organised crime empire in the East End of London during the 1960s.",55,7.2,N/A,,
Black Mass,tt1355683,2015,18 Sep 2015,122 min,"Biography, Crime, Drama",Scott Cooper,"Johnny Depp, Joel Edgerton, Benedict Cumberbatch, Dakota Johnson","The true story of Whitey Bulger, the brother of a state senator and the most infamous violent criminal in the history of South Boston, who became an FBI informant to take down a Mafia family invading his turf.",68,7.1,6.7,,
Freaks of Nature,tt1817771,2015,30 Oct 2015,92 min,"Comedy, Horror",Robbie Pickering,"Nicholas Braun, Mackenzie Davis, Josh Fadem, Denis Leary","In the town of Dillford, humans, vampires and zombies were all living in peace - until the alien apocalypse arrived. Now three teenagers-one human, one vampire, and one zombie-have to team up to figure out how to get rid of the visitors.",N/A,5.4,N/A,,
The Masked Saint,tt3103166,2016,08 Jan 2016,111 min,"Action, Biography, Crime",Warren P. Sonoda,"Brett Granstaff, Lara Jean Chorostecki, T.J. McGibbon, Diahann Carroll","""The Masked Saint"" is based on a true story about one pastor's mission to help his community by risking his identity and returns to his former life as a wrestler. The triumphant story ...",21,6.5,N/A,,
Killing Them Safely,tt4498460,2015,27 Nov 2015,100 min,"Documentary, Drama",Nick Berardini,"Rick Smith, Tom Smith","In the early 2000s, two brothers found tremendous success when their company began selling a device that has been called 'the biggest revolution in law enforcement since the radio.' But as ...",70,6.7,6.2,,
Some Kind Of Beautiful,tt1725986,2014,21 Aug 2015,99 min,"Comedy, Romance",Tom Vaughan,"Pierce Brosnan, Salma Hayek, Jessica Alba, Malcolm McDowell",A drama about a Cambridge poetry professor who begins to re-evaluate his life of Byronic excess.,11,5.8,3.1,3.7,80063709
Ladrones,tt4296800,2015,09 Oct 2015,N/A,Comedy,Joe Menendez,"Fernando Colunga, Eduardo Yáñez, Miguel Varoni, Jessica Lindsey",Legendary thief Alejandro Toledo return to his roots with a new partner to reclaim land stolen from a hard working community by a ruthless family of crooks.,N/A,6.1,N/A,,
Carol,tt2402927,2015,20 Nov 2015,118 min,"Drama, Romance",Todd Haynes,"Cate Blanchett, Rooney Mara, Kyle Chandler, Jake Lacy","In 1950s New York, a department-store clerk who dreams of a better life falls for an older, married woman.",96,7.7,N/A,,
The Big Short,tt1596363,2015,23 Dec 2015,130 min,"Biography, Drama",Adam McKay,"Ryan Gosling, Rudy Eisenzopf, Casey Groves, Charlie Talbert","Four denizens of the world of high-finance predict the credit and housing bubble collapse of the mid-2000s, and decide to take on the big banks for their greed and lack of foresight.",81,8.1,N/A,,
90 Minutes in Heaven,tt4337690,2015,11 Sep 2015,121 min,Drama,Michael Polish,"Hayden Christensen, Kate Bosworth, Hudson Meek, Bobby Batson","A man involved in a horrific car crash is pronounced dead, only to come back to life an hour and a half later, claiming to have seen Heaven.",28,4.5,N/A,,
99 Homes,tt2891174,2014,09 Oct 2015,112 min,Drama,Ramin Bahrani,"Laura Dern, Andrew Garfield, Michael Shannon, Clancy Brown",A recently unemployed single father struggles to get back his foreclosed home by working for the real estate broker who is the source of his frustration.,76,7.2,N/A,,
Trumbo,tt3203606,2015,25 Nov 2015,124 min,"Biography, Drama",Jay Roach,"Bryan Cranston, Michael Stuhlbarg, David Maldonado, John Getz","In 1947, Dalton Trumbo was Hollywood's top screenwriter, until he and other artists were jailed and blacklisted for their political beliefs.",60,7.5,N/A,,
Mississippi Grind,tt2349144,2015,13 Aug 2015,108 min,Drama,"Anna Boden, Ryan Fleck","Ben Mendelsohn, Yvonne Landry, Anthony Howard, Ryan Reynolds","Down on his luck and facing financial hardship, Gerry teams up with younger charismatic poker player, Curtis, in an attempt to change his luck. The two set off on a road trip through the South with visions of winning back what's been lost.",77,6.4,7.4,,
The Letters,tt1445208,2014,04 Dec 2015,114 min,Drama,William Riead,"Juliet Stevenson, Rutger Hauer, Max von Sydow, Priya Darshini","A drama that explores the life of Mother Teresa through letters she wrote to her longtime friend and spiritual advisor, Father Celeste van Exem over a nearly 50-year period.",25,5.1,4.4,,
Love the Coopers,tt2279339,2015,13 Nov 2015,107 min,Comedy,Jessie Nelson,"Diane Keaton, John Goodman, Ed Helms, Alex Borstein","When four generations of the Cooper clan come together for their annual Christmas Eve celebration, a series of unexpected visitors and unlikely events turn the night upside down, leading them all toward a surprising rediscovery of family bonds and the spirit of the holiday.",31,5.8,N/A,,
The Green Inferno,tt2403021,2013,25 Sep 2015,100 min,"Adventure, Horror",Eli Roth,"Lorenza Izzo, Ariel Levy, Daryl Sabara, Kirby Bliss Blanton","A group of student activists travels to the Amazon to save the rain forest and soon discover that they are not alone, and that no good deed goes unpunished.",38,5.5,4.7,,
Scouts Guide to the Zombie Apocalypse,tt1727776,2015,30 Oct 2015,93 min,"Comedy, Horror",Christopher Landon,"Tye Sheridan, Logan Miller, Joey Morgan, Sarah Dumont","Three scouts, on the eve of their last camp-out, discover the true meaning of friendship when they attempt to save their town from a zombie outbreak.",32,6.3,4.7,,
The Keeping Room,tt2488778,2014,25 Sep 2015,95 min,Drama,Daniel Barber,"Brit Marling, Hailee Steinfeld, Sam Worthington, Muna Otaru","Left without men in the dying days of the American Civil War, three Southern women - two sisters and one African-American slave - must fight to defend their home and themselves from two rogue soldiers who have broken off from the fast-approaching Union Army.",58,6.0,6.3,,
A Perfect Day,tt3577624,2015,15 Jan 2016,106 min,Drama,Fernando León de Aranoa,"Benicio Del Toro, Tim Robbins, Olga Kurylenko, Mélanie Thierry",A group of aid workers work to resolve a crisis in an armed conflict zone.,56,7.2,6.0,,
Ricki and the Flash,tt3623726,2015,07 Aug 2015,101 min,"Comedy, Drama, Music",Jonathan Demme,"Meryl Streep, Rick Springfield, Rick Rosas, Joe Vitale","A musician who gave up everything for her dream of rock-and-roll stardom returns home, looking to make things right with her family.",54,6.0,6.0,,
The 33,tt2006295,2015,13 Nov 2015,127 min,"Biography, Drama, History",Patricia Riggen,"Antonio Banderas, Rodrigo Santoro, Juliette Binoche, James Brolin","Based on the real-life event, when a gold and copper mine collapses, it traps 33 miners underground for 69 days.",55,7.0,5.5,,
Christmas Eve,tt3703148,2015,04 Dec 2015,95 min,Comedy,Mitch Davis,"Margaret Clunie, Patrick Stewart, Gary Cole, Roxanne Cook","Hilarity, romance, and transcendence prevail after a power outage traps six different groups of New Yorkers inside elevators on Christmas Eve.",24,5.1,N/A,,
Dragon Ball Z: Resurrection 'F',tt3819668,2015,04 Aug 2015,93 min,"Animation, Action, Adventure",Tadayoshi Yamamuro,"Masako Nozawa, Ryô Horikawa, Hiromi Tsuru, Masaharu Satô","One peaceful day on Earth, two remnants of Frieza's army named Sorbet and Tagoma arrive searching for the Dragon Balls with the aim of reviving Frieza. They succeed, and Frieza subsequently seeks revenge on the Saiyans.",N/A,7.8,6.2,,
Miss You Already,tt2245003,2015,25 Sep 2015,112 min,"Comedy, Drama, Romance",Catherine Hardwicke,"Drew Barrymore, Toni Collette, Dominic Cooper, Paddy Considine",The friendship between two life-long girlfriends is put to the test when one starts a family and the other falls ill.,59,6.6,N/A,,
Bridge of Spies,tt3682448,2015,16 Oct 2015,141 min,"Biography, Drama, History",Steven Spielberg,"Mark Rylance, Domenick Lombardozzi, Victor Verhaeghe, Mark Fichera","During the Cold War, an American lawyer is recruited to defend an arrested Soviet spy in court, and then help the CIA facilitate an exchange of the spy for the Soviet captured American U2 spy plane pilot, Francis Gary Powers.",81,7.9,7.8,,
Victoria,tt4226388,2015,11 Jun 2015,138 min,"Crime, Drama, Thriller",Sebastian Schipper,"Laia Costa, Frederick Lau, Franz Rogowski, Burak Yigit",A young Spanish woman who has newly moved to Berlin finds her flirtation with a local guy turn potentially deadly as their night out with his friends reveals a dangerous secret.,77,7.8,N/A,,
Stonewall,tt3018070,2015,25 Sep 2015,129 min,"Drama, Romance",Roland Emmerich,"Joey King, Ron Perlman, Jonathan Rhys Meyers, Karl Glusman",A young man's political awakening and coming of age during the days and weeks leading up to the Stonewall Riots.,30,3.3,N/A,,
Bleeding Heart,tt3244446,2015,03 Nov 2015,80 min,Drama,Diane Bell,"Jessica Biel, Zosia Mamet, Lacey Alessandra, Mauricio Gomez Amoretti",A yoga instructor looks to protect her sex-worker sister from her deadbeat boyfriend.,N/A,4.9,5.4,,
Everest,tt2719848,2015,25 Sep 2015,121 min,"Adventure, Biography, Drama",Baltasar Kormákur,"Jason Clarke, Ang Phula Sherpa, Thomas M. Wright, Martin Henderson",A climbing expedition on Mt. Everest is devastated by a severe snow storm.,64,7.2,N/A,,
No Escape,tt1781922,2015,26 Aug 2015,103 min,"Action, Thriller",John Erick Dowdle,"Owen Wilson, Lake Bell, Sterling Jerins, Claire Geare","In their new overseas home, an American family soon finds themselves caught in the middle of a coup, and they frantically look for a safe escape from an environment where foreigners are being immediately executed.",38,6.8,4.9,,
MI-5,tt3321300,2015,04 Dec 2015,104 min,"Action, Drama, Thriller",Bharat Nalluri,"Michael Wildman, Tuppence Middleton, Geoffrey Streatfeild, Peter Firth","When a terrorist escapes custody during a routine handover, Will Holloway must team with disgraced MI5 Intelligence Chief Harry Pearce to track him down before an imminent terrorist attack on London.",47,6.3,N/A,,
The Benefactor,tt3165630,2015,15 Jan 2016,90 min,Drama,Andrew Renzi,"Theo James, Dakota Fanning, Richard Gere, Clarke Peters",A philanthropist meddles in the lives of newly-married couples in an attempt to relive his past.,51,6.7,N/A,,
Katti Batti,tt4467262,2015,18 Sep 2015,135 min,"Comedy, Romance",Nikhil Advani,"Vivan Bhatena, Imran Khan, Kangana Ranaut",A romantic comedy that follows Maddy and Payal's live-in relationship until a sudden turn of events creates a distance between them.,N/A,4.7,N/A,,
A Brave Heart: The Lizzie Velasquez Story,tt3735302,2015,25 Sep 2015,78 min,"Documentary, Biography, Family",Sara Hirsh Bordo,Lizzie Velasquez,"A documentary following the life of Lizzie Velasquez, her triumphant journey to the other side of bullying, and her mission to inspire and empower a more positive online environment.",70,7.2,N/A,,
Woodlawn,tt4183692,2015,16 Oct 2015,123 min,"Drama, Sport","Andrew Erwin, Jon Erwin","Sean Astin, Nic Bishop, Caleb Castille, Sherri Shepherd",A gifted high school football player must learn to embrace his talent and his faith as he battles racial tensions on and off the field.,57,6.3,N/A,,
Sinister 2,tt2752772,2015,21 Aug 2015,97 min,"Horror, Mystery, Thriller",Ciarán Foy,"James Ransone, Shannyn Sossamon, Robert Daniel Sloan, Dartanian Sloan",A young mother and her twin sons move into a rural house that's marked for death.,32,5.3,4.0,,
The Hunger Games: Mockingjay - Part 2,tt1951266,2015,20 Nov 2015,137 min,"Adventure, Sci-Fi",Francis Lawrence,"Jennifer Lawrence, Josh Hutcherson, Liam Hemsworth, Woody Harrelson","As the war of Panem escalates to the destruction of other districts, Katniss Everdeen, the reluctant leader of the rebellion, must bring together an army against President Snow, while all she holds dear hangs in the balance.",65,7.0,N/A,,
Learning to Drive,tt3062976,2014,21 Aug 2015,90 min,"Comedy, Drama, Romance",Isabel Coixet,"Patricia Clarkson, Ben Kingsley, Jake Weber, Sarita Choudhury","As her marriage dissolves, a Manhattan writer takes driving lessons from a Sikh instructor with marriage troubles of his own. In each other's company they find the courage to get back on the road and the strength to take the wheel.",59,6.4,6.4,,
The Revenant,tt1663202,2015,08 Jan 2016,156 min,"Adventure, Drama, Western",Alejandro González Iñárritu,"Tom Hardy, Leonardo DiCaprio, Domhnall Gleeson, Will Poulter","In the 1820s, a frontiersman, Hugh Glass, sets out on a path of vengeance against those who left him for dead after a bear mauling.",N/A,N/A,N/A,,
Our Brand Is Crisis,tt1018765,2015,30 Oct 2015,107 min,"Comedy, Drama",David Gordon Green,"Sandra Bullock, Billy Bob Thornton, Anthony Mackie, Joaquim de Almeida","A battle-hardened American political consultant is sent to help re-elect a controversial president in Bolivia, where she must compete with a long-term rival working for another candidate.",52,5.7,5.3,,
Hotel Transylvania 2,tt2510894,2015,25 Sep 2015,89 min,"Animation, Comedy, Family",Genndy Tartakovsky,"Adam Sandler, Andy Samberg, Selena Gomez, Kevin James","Dracula and his friends try to bring out the monster in his half human, half vampire grandson in order to keep Mavis from leaving the hotel.",44,6.8,5.2,,
Nasty Baby,tt3121332,2015,30 Oct 2015,101 min,Drama,Sebastián Silva,"Sebastián Silva, Kristen Wiig, Tunde Adebimpe, Reg E. Cathey","A close-knit trio navigates the idea of creating life, while at the same time being confronted with a brutal scenario that causes them to take a life.",64,5.6,6.2,,
Lamb,tt3908598,2015,08 Jan 2016,96 min,Drama,Ross Partridge,"Ross Partridge, Oona Laurence, Jess Weixler, Tom Bower",When a man meets a young girl in a parking lot he attempts to help her avoid a bleak destiny by initiating her into the beauty of the outside world. The journey shakes them in ways neither expects.,N/A,7.0,N/A,,
Captive,tt3268668,2015,18 Sep 2015,97 min,"Crime, Drama, Thriller",Jerry Jameson,"Kate Mara, Mimi Rogers, Michael Kenneth Williams, David Oyelowo",A single mother struggling with drug addiction is taken hostage in her own apartment by a man on the run who has broken out of jail and murdered the judge assigned to his case.,37,5.8,N/A,,
Ip Man 3,tt2888046,2015,24 Dec 2015,105 min,"Action, Biography, Drama",Wilson Yip,"Donnie Yen, Jin Zhang, Patrick Tam, Lynn Hung","When a band of brutal gangsters led by a crooked property developer make a play to take over the city, Master Ip is forced to take a stand.",N/A,8.0,N/A,,
Daddy's Home,tt1528854,2015,25 Dec 2015,96 min,Comedy,Sean Anders,"Will Ferrell, Mark Wahlberg, Linda Cardellini, Thomas Haden Church","A mild-mannered radio executive strives to become the best stepdad to his wife's two children, but complications ensue when their freewheeling and freeloading real father arrives, forcing him to compete for the affection of the kids.",N/A,7.0,4.9,,
Boy & the World,tt3183630,2013,11 Dec 2015,80 min,"Animation, Adventure, Family",Alê Abreu,"Marco Aurélio Campos, Vinicius Garcia, Lu Horta",A little boy goes on an adventurous quest in search of his father.,76,8.0,7.7,,
American Ultra,tt3316948,2015,21 Aug 2015,96 min,"Action, Comedy",Nima Nourizadeh,"Jesse Eisenberg, Kristen Stewart, Topher Grace, Connie Britton",A stoner - who is in fact a government agent - is marked as a liability and targeted for extermination. But he's too well-trained and too high for them to handle.,50,6.1,5.5,,
Ashby,tt3774466,2015,25 Sep 2015,100 min,"Comedy, Drama, Romance",Tony McNamara,"Mickey Rourke, Nat Wolff, Emma Roberts, Sarah Silverman","High-school student Ed Wallis enters into a friendship with his neighbor, Ashby, a retired CIA assassin who only has a few months left to live.",46,6.4,5.6,,
Alvin and the Chipmunks: The Road Chip,tt2974918,2015,18 Dec 2015,92 min,"Animation, Adventure, Comedy",Walt Becker,"Jason Lee, Justin Long, Matthew Gray Gubler, Jesse McCartney","Through a series of misunderstandings, Alvin, Simon and Theodore come to believe that Dave is going to propose to his new girlfriend in Miami...and dump them. They have three days to get to him and stop the proposal, saving themselves not only from losing Dave but possibly from gaining a terrible stepbrother.",33,3.9,3.3,,
Addicted to Fresno,tt4000870,2015,01 Sep 2015,85 min,Comedy,Jamie Babbit,"Judy Greer, Natasha Lyonne, Malcolm Barrett, Jessica St. Clair",Follows the lives two co-dependent sisters who work as hotel maids in Fresno.,34,5.5,4.2,,
Freeheld,tt1658801,2015,05 Nov 2015,103 min,"Biography, Drama, Romance",Peter Sollett,"Steve Carell, Julianne Moore, Michael Shannon, Ellen Page","New Jersey police lieutenant, Laurel Hester, and her registered domestic partner, Stacie Andree, both battle to secure Hester's pension benefits when she is diagnosed with terminal cancer.",50,6.2,N/A,,
The Second Mother,tt3742378,2015,28 Aug 2015,112 min,Drama,Anna Muylaert,"Regina Casé, Michel Joelsas, Camila Márdila, Karine Teles","When the estranged daughter of a hard-working live-in housekeeper suddenly appears, the unspoken class barriers that exist within the home are thrown into disarray.",82,8.1,8.1,,
The Good Dinosaur,tt1979388,2015,25 Nov 2015,93 min,"Animation, Adventure, Comedy",Peter Sohn,"Jeffrey Wright, Frances McDormand, Maleah Nipay-Padilla, Ryan Teeple","In a world where dinosaurs and humans live side-by-side, an Apatosaurus named Arlo makes an unlikely human friend.",66,7.2,6.4,,
Brooklyn,tt2381111,2015,25 Nov 2015,111 min,"Drama, Romance",John Crowley,"Saoirse Ronan, Hugh Gormley, Brid Brennan, Jim Broadbent","An Irish immigrant lands in 1950s Brooklyn, where she quickly falls into a new romance. When her past catches up with her, however, she must choose between two countries and the lives that exist within.",87,8.0,8.6,,
Anomalisa,tt2401878,2015,01 Jan 2016,90 min,"Animation, Comedy, Drama","Duke Johnson, Charlie Kaufman","David Thewlis, Jennifer Jason Leigh, Tom Noonan",A man crippled by the mundanity of his life experiences something out of the ordinary.,92,7.7,N/A,,
Pawn Sacrifice,tt1596345,2014,25 Sep 2015,115 min,"Biography, Drama",Edward Zwick,"Tobey Maguire, Liev Schreiber, Michael Stuhlbarg, Peter Sarsgaard","Set during the Cold War, American chess prodigy Bobby Fischer finds himself caught between two superpowers and his own struggles as he challenges the Soviet Empire.",65,7.1,6.5,,
In the Heart of the Sea,tt1390411,2015,11 Dec 2015,122 min,"Action, Adventure, Biography",Ron Howard,"Chris Hemsworth, Benjamin Walker, Cillian Murphy, Brendan Gleeson","A recounting of a whaling ship's sinking by a giant whale in 1820 that would inspire the great novel, Moby Dick.",47,7.3,5.4,,
The Transporter Refueled,tt2938956,2015,04 Sep 2015,96 min,"Action, Crime, Thriller",Camille Delamarre,"Ed Skrein, Ray Stevenson, Loan Chabanol, Gabriella Wright","In the south of France, former special-ops mercenary Frank Martin enters into a game of chess with a femme-fatale and her three sidekicks who are looking for revenge against a sinister Russian kingpin.",32,5.0,3.8,,
Rock the Kasbah,tt3164256,2015,23 Oct 2015,106 min,"Comedy, Music",Barry Levinson,"Bill Murray, Bruce Willis, Kate Hudson, Zooey Deschanel","A down-on-his-luck music manager discovers a teenage girl with an extraordinary voice while on a music tour in Afghanistan and takes her to Kabul to compete on the popular television show, Afghan Star.",29,5.3,3.6,,
Mediterranea,tt3486542,2015,20 Nov 2015,107 min,Drama,Jonas Carpignano,"Koudous Seihon, Alassane Sy, Aisha, Vincenzina Siciliano","Two men make the dangerous journey from Africa to Italy for a better life, but then face hostility and violence in this shocking look at the life-and-death struggle of refugees.",77,6.8,N/A,,
What Our Fathers Did: A Nazi Legacy,tt4668808,2015,06 Nov 2015,96 min,Documentary,David Evans,"Niklas Frank, Philippe Sands, Horst von Wächter",A human-rights lawyer conducts conversations with two men whose fathers were indicted as war criminals for their roles in WWII - Nazi Governors and consultants to Adolf Hitler himself.,69,5.9,N/A,,
Dark Places,tt2402101,2015,18 Jun 2015,113 min,"Drama, Mystery, Thriller",Gilles Paquet-Brenner,"Charlize Theron, Sterling Jerins, Nicholas Hoult, Christina Hendricks","Libby Day was only eight years old when her family was brutally murdered in their rural Kansas farmhouse. Almost thirty years later, she agrees to revisit the crime and uncovers the wrenching truths that led up to that tragic night.",39,6.3,4.8,,
The Perfect Guy,tt3862750,2015,11 Sep 2015,100 min,"Drama, Thriller",David M. Rosenthal,"Sanaa Lathan, Michael Ealy, Morris Chestnut, L. Scott Caldwell","After breaking up with her boyfriend, a professional woman gets involved with a man who seems almost too good to be true.",36,5.3,3.9,,
We Are Your Friends,tt3787590,2015,28 Aug 2015,96 min,"Drama, Music, Romance",Max Joseph,"Zac Efron, Wes Bentley, Emily Ratajkowski, Jonny Weston","Caught between a forbidden romance and the expectations of his friends, aspiring DJ Cole Carter attempts to find the path in life that leads to fame and fortune.",46,6.0,N/A,,
James White,tt4288636,2015,13 Nov 2015,85 min,Drama,Josh Mond,"Christopher Abbott, Cynthia Nixon, Scott Mescudi, Ron Livingston","James, a twenty-something New Yorker, struggles to take control of his self-destructive behavior in the face of momentous family challenges.",83,7.5,7.4,,
Fantastic Four,tt1502712,2015,07 Aug 2015,100 min,"Action, Adventure, Sci-Fi",Josh Trank,"Miles Teller, Michael B. Jordan, Kate Mara, Jamie Bell",Four young outsiders teleport to an alternate and dangerous universe which alters their physical form in shocking ways. The four must learn to harness their new abilities and work together to save Earth from a former friend turned enemy.,27,4.3,3.4,,
Grandma,tt4270516,2015,18 Sep 2015,79 min,"Comedy, Drama",Paul Weitz,"Lily Tomlin, Julia Garner, Marcia Gay Harden, Judy Greer","A teenager facing an unplanned pregnancy seeks help from her acerbic grandmother, a woman who is long estranged from her daughter.",77,7.1,7.5,,
The Peanuts Movie,tt2452042,2015,06 Nov 2015,88 min,"Animation, Adventure, Comedy",Steve Martino,"Trombone Shorty, Rebecca Bloom, Anastasia Bredikhina, Francesca Capaldi","Snoopy embarks upon his greatest mission as he and his team take to the skies to pursue their arch-nemesis, while his best pal Charlie Brown begins his own epic quest back home to win the love of his life.",67,7.4,7.0,,
Aferim!,tt4374460,2015,22 Jan 2016,108 min,"Adventure, Comedy, Drama",Radu Jude,"Teodor Corban, Mihai Comanoiu, Toma Cuzin, Alexandru Dabija","Set in early 19th century Wallachia, when a local policeman, Costandin, is hired by Iordache, a boyar (local noble), to find Carfin, a Gypsy slave who had run away from the boyar's estate ...",90,8.0,N/A,,
Concussion,tt3322364,2015,25 Dec 2015,123 min,"Drama, Sport",Peter Landesman,"Will Smith, Luke Wilson, Gugu Mbatha-Raw, Alec Baldwin","In Pittsburgh, accomplished pathologist Dr. Bennet Omalu uncovers the truth about brain damage in football players who suffer repeated concussions in the course of normal play.",54,6.3,N/A,,
Carter High,tt3735398,2015,30 Oct 2015,110 min,"Crime, Drama, Sport",Arthur Muhammad,"Vivica A. Fox, Charles S. Dutton, Pooch Hall, Reginald C. Hayes","During the 1980s Carter High School in Dallas, Texas was a football powerhouse. This is the story of four of the student athletes whose off the field activities cost them their future.",N/A,7.7,N/A,,
13 Hours: The Secret Soldiers of Benghazi,tt4172430,2016,15 Jan 2016,N/A,"Action, Drama, Thriller",Michael Bay,"Max Martini, John Krasinski, David Giuntoli, Pablo Schreiber",An American Ambassador is killed during an attack at a U.S. compound in Libya as a security team struggles to make sense out of the chaos.,N/A,N/A,N/A,,
The Man from U.N.C.L.E.,tt1638355,2015,14 Aug 2015,116 min,"Action, Adventure, Comedy",Guy Ritchie,"Henry Cavill, Armie Hammer, Alicia Vikander, Elizabeth Debicki","In the early 1960s, CIA agent Napoleon Solo and KGB operative Illya Kuryakin participate in a joint mission against a mysterious criminal organization, which is working to proliferate nuclear weapons.",56,7.4,6.2,,
Secret in Their Eyes,tt1741273,2015,20 Nov 2015,111 min,"Mystery, Thriller",Billy Ray,"Chiwetel Ejiofor, Nicole Kidman, Julia Roberts, Dean Norris","A tight-knit team of rising investigators, along with their supervisor, is suddenly torn apart when they discover that one of their own teenage daughters has been brutally murdered.",45,6.3,N/A,,
Momentum,tt3181776,2015,16 Oct 2015,96 min,"Action, Thriller",Stephen S. Campanelli,"Olga Kurylenko, Morgan Freeman, James Purefoy, Jenna Saras","Alex, a mysterious thief, is pulled in by her former partner for one last heist. She quickly finds it was never just about the diamonds. A brutal murder sparks a cat and mouse chase between...",18,5.5,N/A,,
Straight Outta Compton,tt1398426,2015,14 Aug 2015,147 min,"Biography, Drama, Music",F. Gary Gray,"O'Shea Jackson Jr., Corey Hawkins, Jason Mitchell, Neil Brown Jr.","The group NWA emerges from the mean streets of Compton in Los Angeles, California, in the mid-1980s and revolutionizes Hip Hop culture with their music and tales about life in the hood.",72,8.1,7.4,,
Jane Got a Gun,tt2140037,2016,29 Jan 2016,98 min,"Action, Drama, Western",Gavin O'Connor,"Natalie Portman, Ewan McGregor, Rodrigo Santoro, Noah Emmerich",A woman asks her ex-lover for help in order to save her outlaw husband from a gang out to kill him.,N/A,N/A,N/A,,
The Martian,tt3659388,2015,02 Oct 2015,144 min,"Adventure, Comedy, Drama",Ridley Scott,"Matt Damon, Jessica Chastain, Kristen Wiig, Jeff Daniels","During a manned mission to Mars, Astronaut Mark Watney is presumed dead after a fierce storm and left behind by his crew. But Watney has survived and finds himself stranded and alone on the hostile planet. With only meager supplies, he must draw upon his ingenuity, wit and spirit to subsist and find a way to signal to Earth that he is alive.",80,8.1,7.9,,
Difret,tt2611390,2014,23 Oct 2015,99 min,"Biography, Crime, Drama",Zeresenay Mehari,"Meron Getnet, Tizita Hagere, Abel Abebe, Shitaye Abraha","A young lawyer travels to an Ethiopian village to represent Hirut, a 14-year-old girl who shot her would-be husband as he and others were practicing one of the nation's oldest traditions: abduction into marriage.",61,6.6,7.0,,
Pan,tt3332064,2015,09 Oct 2015,111 min,"Adventure, Family, Fantasy",Joe Wright,"Hugh Jackman, Levi Miller, Garrett Hedlund, Rooney Mara","12-year-old orphan Peter is spirited away to the magical world of Neverland, where he finds both fun and danger, and ultimately discovers his destiny -- to become the hero who will be forever known as Peter Pan.",36,6.0,N/A,,
45 Years,tt3544082,2015,23 Dec 2015,95 min,"Drama, Romance",Andrew Haigh,"Charlotte Rampling, Tom Courtenay, Geraldine James, Dolly Wells",A married couple preparing to celebrate their wedding anniversary receive shattering news that promises to forever change the course of their lives.,94,7.4,8.8,,
The Walk,tt3488710,2015,09 Oct 2015,123 min,"Adventure, Biography, Drama",Robert Zemeckis,"Joseph Gordon-Levitt, Guillaume Baillargeon, Émilie Leclerc, Mark Trafford","In 1974, high-wire artist Philippe Petit recruits a team of people to help him realize his dream: to walk the immense void between the World Trade Center towers.",70,7.6,7.2,,
Chi-Raq,tt4594834,2015,04 Dec 2015,127 min,Drama,Spike Lee,"Nick Cannon, Teyonah Parris, Wesley Snipes, Angela Bassett","A modern day adaptation of the ancient Greek play Lysistrata by Aristophanes, set against the backdrop of gang violence in Chicago.",77,5.6,N/A,,
Son of Saul,tt3808342,2015,18 Dec 2015,107 min,"Drama, Horror, Thriller",László Nemes,"Géza Röhrig, Levente Molnár, Urs Rechn, Todd Charmont","In the horror of 1944 Auschwitz, a prisoner forced to burn the corpses of his own people finds moral survival upon trying to salvage from the flames the body of a boy he takes for his son.",89,7.9,8.6,,
Steve Jobs,tt2080374,2015,23 Oct 2015,122 min,"Biography, Drama",Danny Boyle,"Michael Fassbender, Kate Winslet, Seth Rogen, Jeff Daniels","Steve Jobs takes us behind the scenes of the digital revolution, to paint a portrait of the man at its epicenter. The story unfolds backstage at three iconic product launches, ending in 1998 with the unveiling of the iMac.",82,7.6,7.6,,
The Treasure,tt4515684,2015,08 Jan 2016,89 min,Comedy,Corneliu Porumboiu,"Toma Cuzin, Adrian Purcarescu, Corneliu Cozmei, Radu Banzaru",Costi is a family man whose cash-strapped neighbor makes him an intriguing proposition: help him find the fortune reportedly buried somewhere on the grounds of his family's country home in Romania and split the profits.,85,6.9,N/A,,
Shaun the Sheep Movie,tt2872750,2015,05 Aug 2015,85 min,"Animation, Adventure, Comedy","Mark Burton, Richard Starzak",N/A,"When Shaun decides to take the day off and have some fun, he gets a little more action than he bargained for. A mix up with the Farmer, a caravan and a very steep hill lead them all to the Big City and it's up to Shaun and the flock to return everyone safely to the green grass of home.",N/A,7.4,8.2,,
Love,tt3774694,2015,30 Oct 2015,135 min,"Drama, Romance",Gaspar Noé,"Aomi Muyock, Karl Glusman, Klara Kristin, Ugo Fox","Murphy is an American living in Paris who enters a highly sexually and emotionally charged relationship with the unstable Electra. Unaware of the effect it will have on their relationship, they invite their pretty neighbor into their bed.",51,6.0,5.1,,
"10,000 Saints",tt3397754,2015,14 Aug 2015,113 min,"Comedy, Drama, Music","Shari Springer Berman, Robert Pulcini","Henry Kelemen, Julianne Nicholson, Ethan Hawke, Asa Butterfield","Set in the 1980s, a teenager from Vermont moves to New York City to live with his father in East Village.",62,5.9,6.2,,
By the Sea,tt3707106,2015,09 Dec 2015,122 min,"Drama, Romance",Angelina Jolie,"Brad Pitt, Angelina Jolie, Mélanie Laurent, Melvil Poupaud","Set in France during the mid-1970s, Vanessa, a former dancer, and her husband Roland, an American writer, travel the country together. They seem to be growing apart, but when they linger in...",44,5.2,N/A,,
Queen of Earth,tt3993894,2015,26 Aug 2015,90 min,"Drama, Thriller",Alex Ross Perry,"Elisabeth Moss, Katherine Waterston, Patrick Fugit, Kentucker Audley",Two women who grew up together discover they have drifted apart when they retreat to a lake house together.,78,6.7,7.6,2.5,80057229
Janis: Little Girl Blue,tt3707114,2015,15 Dec 2015,103 min,"Documentary, Biography, Music",Amy Berg,"Janis Joplin, Cat Power, Peter Albin, Sam Andrew","Musician Cat Power narrates this documentary on Janis Joplin's evolution into a star from letters that Joplin wrote over the years to her friends, family, and collaborators.",75,7.3,N/A,,
People Places Things,tt4104022,2015,14 Aug 2015,85 min,Comedy,James C. Strouse,"Jemaine Clement, Regina Hall, Jessica Williams, Stephanie Allynne",Will Henry is a newly single graphic novelist balancing parenting his young twin daughters and a classroom full of students while exploring and navigating the rich complexities of new love and letting go of the woman who left him.,68,6.9,6.9,,
Life,tt2948840,2015,04 Dec 2015,111 min,"Biography, Drama",Anton Corbijn,"Robert Pattinson, Peter Lucas, Lauren Gallagher, Kendal Rae",A photographer for Life Magazine is assigned to shoot pictures of James Dean.,59,6.2,N/A,,
Fort Tilden,tt3457734,2014,14 Aug 2015,98 min,Comedy,"Sarah-Violet Bliss, Charles Rogers","Bridey Elliott, Clare McNulty, Neil Casey, Alysia Reiner",A comedy about Allie and Harper and their needlessly difficult journey to the beach.,70,5.3,6.9,,
Hitchcock/Truffaut,tt3748512,2015,04 Dec 2015,79 min,Documentary,Kent Jones,"Mathieu Amalric, Wes Anderson, Olivier Assayas, Peter Bogdanovich","Filmmakers discuss how Francois Truffaut's 1966 book ""Cinema According to Hitchcock"" influenced their work.",79,7.4,N/A,,
A Walk in the Woods,tt1178665,2015,02 Sep 2015,104 min,"Adventure, Comedy, Drama",Ken Kwapis,"Robert Redford, Nick Nolte, Emma Thompson, Mary Steenburgen","After spending two decades in England, Bill Bryson returns to the U.S., where he decides the best way to connect with his homeland is to hike the Appalachian Trail with one of his oldest friends.",51,6.4,5.4,,
Suffragette,tt3077214,2015,12 Oct 2015,106 min,"Biography, Drama, History",Sarah Gavron,"Anne-Marie Duff, Grace Stottor, Geoff Bell, Carey Mulligan","The foot soldiers of the early feminist movement, women who were forced underground to pursue a dangerous game of cat and mouse with an increasingly brutal State.",67,6.8,6.6,,
Tab Hunter Confidential,tt1533089,2015,16 Oct 2015,90 min,"Documentary, Biography",Jeffrey Schwarz,"Clint Eastwood, Paul Newman, Natalie Wood, Portia de Rossi",The story of matinee idol Tab Hunter from teenage stable boy to closeted Hollywood star of the 1950s.,60,7.9,7.0,,
War Room,tt3832914,2015,28 Aug 2015,120 min,Drama,Alex Kendrick,"Karen Abercrombie, Priscilla C. Shirer, T.C. Stallings, Tenae Downing","A seemingly perfect family looks to fix their problems with the help of Miss Clara, an older, wiser woman.",26,6.2,N/A,,
When Animals Dream,tt2818178,2014,28 Aug 2015,84 min,"Drama, Horror, Mystery",Jonas Alexander Arnby,"Sonia Suhl, Lars Mikkelsen, Sonja Richter, Jakob Oftebro","16-year old Marie lives on a small island with her seriously ill mother and her father, who takes care of the family. But suddenly mysterious deaths happen and Marie can feel something strange happening to her body.",54,5.8,6.2,2.6,80013560
Coming Home,tt3125472,2014,16 May 2014,109 min,Drama,Yimou Zhang,"Li Gong, Daoming Chen, Huiwen Zhang, Tao Guo",Lu and Feng are a devoted couple forced to separate when Lu is arrested and sent to a labor camp as a political prisoner during the Cultural Revolution. He finally returns home only to find that his beloved wife no longer remembers him.,81,7.3,7.7,,
Youth,tt3312830,2015,04 Dec 2015,124 min,Drama,Paolo Sorrentino,"The Retrosettes, Gabriella Belisario, Harvey Keitel, Alex Macqueen",A retired orchestra conductor is on holiday with his daughter and his film director best friend in the Alps when he receives an invitation from Queen Elizabeth II to perform for Prince Philip's birthday.,65,7.5,7.1,,
Final Girl,tt2124787,2015,14 Aug 2015,90 min,"Action, Drama, Horror",Tyler Shields,"Abigail Breslin, Wes Bentley, Logan Huffman, Cameron Bright",A man teaches a young woman how to become a complete weapon. Later she is approached by a group of sadistic teens who kill blonde women for unknown reasons. The hunting season begins.,N/A,4.6,3.2,,
Extraction,tt4382872,2015,18 Dec 2015,83 min,Thriller,Steven C. Miller,"Bruce Willis, Kellan Lutz, Gina Carano, D.B. Sweeney","A former CIA operative is kidnapped by a group of terrorists. When his son learns there is no plan for his father to be saved, he launches his own rescue operation.",25,3.9,N/A,,
Ingrid Bergman in Her Own Words,tt4621016,2015,13 Nov 2015,114 min,"Documentary, Biography",Stig Björkman,"Ingrid Bergman, Pia Lindström, Roberto Rossellini, Isotta Rossellini",A captivating look behind the scenes of the remarkable life of a young Swedish girl who became one of the most celebrated actresses of American and World cinema.,75,7.3,8.0,,
Anesthesia,tt3317208,2015,08 Jan 2016,90 min,"Drama, Thriller",Tim Blake Nelson,"David Aaron Baker, Derrick Baskin, Jacqueline Baum, Lisa Benavides-Nelson",Multiple lives intersect in the aftermath of the violent mugging of a Columbia University philosophy professor.,58,6.1,6.5,,
The Danish Girl,tt0810819,2015,25 Dec 2015,119 min,"Biography, Drama, Romance",Tom Hooper,"Alicia Vikander, Eddie Redmayne, Tusse Silberg, Adrian Schiller",A fictitious love story loosely inspired by the lives of Danish artists Lili Elbe and Gerda Wegener. Lili and Gerda's marriage and work evolve as they navigate Lili's groundbreaking journey as a transgender pioneer.,66,6.4,N/A,,
The Gift,tt4178092,2015,07 Aug 2015,108 min,"Mystery, Thriller",Joel Edgerton,"Jason Bateman, Rebecca Hall, Joel Edgerton, Allison Tolman",A young married couple's lives are thrown into a harrowing tailspin when an acquaintance from the husband's past brings mysterious gifts and a horrifying secret to light after more than 20 years.,77,7.1,7.5,,
#Horror,tt3526286,2015,20 Nov 2015,101 min,"Drama, Horror, Mystery",Tara Subkoff,"Chloë Sevigny, Timothy Hutton, Balthazar Getty, Stella Schnabel","Inspired by actual events, a group of 12 year old girls face a night of horror when the compulsive addiction of an online social media game turns a moment of cyber bullying into a night of insanity.",42,3.6,N/A,,
The Diary of a Teenage Girl,tt3172532,2015,28 Aug 2015,102 min,"Drama, Romance",Marielle Heller,"Bel Powley, Willie, Kristen Wiig, Abby Wait",A teen artist living in 1970s San Francisco enters into an affair with her mother's boyfriend.,87,7.0,7.9,,
Goosebumps,tt1051904,2015,16 Oct 2015,103 min,"Adventure, Comedy, Fantasy",Rob Letterman,"Jack Black, Dylan Minnette, Odeya Rush, Ryan Lee","A teenager teams up with the daughter of young adult horror author R. L. Stine after the writer's imaginary demons are set free on the town of Madison, Delaware.",59,6.7,6.3,,
The Final Girls,tt2118624,2015,09 Oct 2015,88 min,"Comedy, Horror",Todd Strauss-Schulson,"Taissa Farmiga, Malin Akerman, Alexander Ludwig, Nina Dobrev","A young woman grieving the loss of her mother, a famous scream queen from the 1980s, finds herself pulled into the world of her mom's most famous movie. Reunited, the women must fight off the film's maniacal killer.",59,6.7,6.4,,
The Wonders,tt3044244,2014,30 Oct 2015,110 min,Drama,Alice Rohrwacher,N/A,A family of beekeepers living in the Tuscan countryside finds their household disrupted by the simultaneous arrival of a silently troubled teenage boy and a reality TV show intent on showcasing the family.,N/A,6.7,7.3,,
The Intern,tt2361509,2015,25 Sep 2015,121 min,Comedy,Nancy Meyers,"Robert De Niro, Anne Hathaway, Rene Russo, Anders Holm","70-year-old widower Ben Whittaker has discovered that retirement isn't all it's cracked up to be. Seizing an opportunity to get back in the game, he becomes a senior intern at an online fashion site, founded and run by Jules Ostin.",51,7.2,5.8,,
Shanghai,tt1092634,2010,02 Oct 2015,105 min,"Drama, Mystery, Romance",Mikael Håfström,"John Cusack, Li Gong, Yun-Fat Chow, David Morse",A '40s period piece which revolves around an American expat who returns to Shanghai in the months before Pearl Harbor due to the death of his friend.,36,6.5,4.2,,
Dirty Grandpa,tt1860213,2016,22 Jan 2016,102 min,Comedy,Dan Mazer,"Zoey Deutch, Robert De Niro, Zac Efron, Julianne Hough","Right before his wedding, an uptight guy is tricked into driving his grandfather, a perverted former Army general, to Florida for spring break.",N/A,N/A,N/A,,
The Finest Hours,tt2025690,2016,29 Jan 2016,N/A,"Action, Drama, History",Craig Gillespie,"Chris Pine, Eric Bana, Holliday Grainger, Ben Foster",The Coast Guard makes a daring rescue attempt off the coast of Cape Cod after a pair of oil tankers are destroyed during a blizzard in 1952.,N/A,N/A,N/A,,
Synchronicity,tt2049543,2015,22 Jan 2016,101 min,"Mystery, Sci-Fi, Thriller",Jacob Gentry,"Chad McKnight, Brianne Davis, AJ Bowen, Scott Poythress","From the creators of The Signal (Sundance 2007) comes Synchronicity, a mind-bending 'Sci-fi Noir' in the tradition of Dark City, Blade Runner, and Alphaville. When physicist Jim Beale ...",N/A,6.5,N/A,,
Big Stone Gap,tt3254796,2014,09 Oct 2015,103 min,"Comedy, Romance",Adriana Trigiani,"Patrick Wilson, Ashley Judd, Jane Krakowski, Chris Sarandon","In a small town nestled in the Appalachian Mountains of Virginia, self-proclaimed spinster Ave Maria Mulligan finds her life shaken up and forever changed after learning a long-buried family secret.",39,6.0,N/A,,
Entertainment,tt3343784,2015,13 Nov 2015,103 min,Drama,Rick Alverson,"Gregg Turkington, Annabella Lwin, Tye Sheridan, John C. Reilly","En route to meet his estranged daughter and attempting to revive his dwindling career, a broken, middle-aged comedian plays a string of dead-end shows in the Mojave desert.",65,5.9,6.9,,
The Hateful Eight,tt3460252,2015,08 Jan 2016,182 min,Western,Quentin Tarantino,"Channing Tatum, Jennifer Jason Leigh, Walton Goggins, Samuel L. Jackson","In post-Civil War Wyoming, bounty hunters try to find shelter during a blizzard but get involved in a plot of betrayal and deception. Will they survive?",N/A,N/A,N/A,,
Burnt,tt2503944,2015,30 Oct 2015,101 min,"Comedy, Drama",John Wells,"Bradley Cooper, Sienna Miller, Daniel Brühl, Riccardo Scamarcio","Adam Jones (Bradley Cooper) is a chef who destroyed his career with drugs and diva behavior. He cleans up and returns to London, determined to redeem himself by spearheading a top restaurant that can gain three Michelin stars.",42,6.7,N/A,,
The World of Kanako,tt3108158,2014,04 Dec 2015,118 min,"Crime, Drama, Horror",Tetsuya Nakashima,"Kôji Yakusho, Nana Komatsu, Satoshi Tsumabuki, Hiroya Shimizu","As former detective Akikazu searches for his missing daughter, Kanako, he soon learns she has a mysterious secret life.",55,6.6,N/A,,
Creed,tt3076658,2015,25 Nov 2015,133 min,"Drama, Sport",Ryan Coogler,"Michael B. Jordan, Sylvester Stallone, Tessa Thompson, Phylicia Rashad","The former World Heavyweight Champion Rocky Balboa serves as a trainer and mentor to Adonis Johnson, the son of his late friend and former rival Apollo Creed.",82,8.2,N/A,,
Star Wars: The Force Awakens,tt2488496,2015,18 Dec 2015,135 min,"Action, Adventure, Fantasy",J.J. Abrams,"Harrison Ford, Mark Hamill, Carrie Fisher, Adam Driver","Three decades after the defeat of the Galactic Empire, a new threat arises. The First Order attempts to rule the galaxy and only a rag-tag group of heroes can stop them, along with the help of the Resistance.",81,8.9,8.2,,
Hitman: Agent 47,tt2679042,2015,21 Aug 2015,96 min,"Action, Crime, Thriller",Aleksander Bach,"Angelababy, Dan Bakkedahl, Charlene Beck, Michael Bornhütter",An assassin teams up with a woman to help her find her father and uncover the mysteries of her ancestry.,28,5.8,3.7,,
The Prophet,tt1640718,2014,07 Aug 2015,84 min,"Animation, Drama","Roger Allers, Gaëtan Brizzi, Paul Brizzi, Joan C. Gratz, Mohammed Saeed Harib, Tomm Moore, Nina Paley, Bill Plympton, Joann Sfar, Michal Socha","Liam Neeson, John Krasinski, Salma Hayek, Frank Langella",Exiled artist and poet Mustafa embarks on a journey home with his housekeeper and her daughter; together the trio must evade the authorities who fear that the truth in Mustafa's words will incite rebellion.,61,6.9,6.6,,
Maze Runner: The Scorch Trials,tt4046784,2015,18 Sep 2015,132 min,"Action, Sci-Fi, Thriller",Wes Ball,"Dylan O'Brien, Ki Hong Lee, Kaya Scodelario, Thomas Brodie-Sangster","After having escaped the Maze, the Gladers now face a new set of challenges on the open roads of a desolate landscape filled with unimaginable obstacles.",43,6.5,5.4,,
Trash,tt1921149,2014,09 Oct 2015,114 min,"Adventure, Crime, Drama","Stephen Daldry, Christian Duurvoort","Rooney Mara, Wagner Moura, Martin Sheen, Selton Mello","Set in Brazil, three kids who make a discovery in a garbage dump soon find themselves running from the cops and trying to right a terrible wrong.",50,7.2,5.8,4.2,70307648
I Smile Back,tt3640682,2015,06 Nov 2015,85 min,Drama,Adam Salky,"Josh Charles, Skylar Gaertner, Shayne Coleman, Sarah Silverman","Laney Brooks does bad things. Married with kids, she takes the drugs she wants, sleeps with the men she wants, disappears when she wants. Now, with the destruction of her family looming, ...",59,5.9,5.9,,
The Reflektor Tapes,tt4861730,2015,24 Sep 2015,75 min,"Documentary, Music",Kahlil Joseph,"Arcade Fire, Win Butler, Régine Chassagne","A blend of interviews, concert footage, and personal moments chronicle the making of the band Arcade Fire's album, Reflektor.",34,5.9,4.0,,
The Visit,tt3567288,2015,11 Sep 2015,94 min,"Horror, Thriller",M. Night Shyamalan,"Olivia DeJonge, Ed Oxenbould, Deanna Dunagan, Peter McRobbie",A single mother finds that things in her family's life go very wrong after her two young children visit their grandparents.,55,6.4,5.7,,
Room,tt3170832,2015,25 Nov 2015,118 min,Drama,Lenny Abrahamson,"Brie Larson, Jacob Tremblay, Sean Bridgers, Wendy Crewson","After five-year-old Jack and his mother escape from the enclosed surroundings that Jack has known his entire life, the boy makes a thrilling discovery.",86,8.3,N/A,,
Partisan,tt3155242,2015,02 Oct 2015,94 min,"Drama, Thriller",Ariel Kleiman,"Vincent Cassel, Florence Mezzara, Esther Blaser-Tokarev, Charlotte Miller","Alexander, a boy who has been raised in a sequestered commune, finds that his increasing unwillingness to fall in line puts him on a collision course with Gregori, the society's charismatic and domineering leader.",52,6.0,5.8,,
Before We Go,tt0443465,2014,21 Jul 2015,95 min,"Comedy, Drama, Romance",Chris Evans,"Alice Eve, Chris Evans, Emma Fitzpatrick, Scott Evans",Two strangers stuck in Manhattan for the night grow into each other's most trusted confidants when an evening of unexpected adventure forces them to confront their fears and take control of their lives.,31,7.0,4.2,,
Macbeth,tt2884018,2015,11 Dec 2015,113 min,"Drama, War",Justin Kurzel,"Jack Madigan, Frank Madigan, Michael Fassbender, Marion Cotillard","Macbeth, the Thane of Glamis, receives a prophecy from a trio of witches that one day he will become King of Scotland. Consumed by ambition and spurred to action by his wife, Macbeth murders his king and takes the throne for himself.",71,7.4,N/A,,
Paranormal Activity: The Ghost Dimension,tt2473510,2015,23 Oct 2015,88 min,Horror,Gregory Plotkin,"Chris J. Murray, Brit Shaw, Ivy George, Dan Gill","Using a special camera that can see spirits, a family must protect their daughter from an evil entity with a sinister plan.",30,4.5,N/A,,
Spotlight,tt1895587,2015,25 Nov 2015,128 min,"Biography, Drama, History",Tom McCarthy,"Mark Ruffalo, Michael Keaton, Rachel McAdams, Liev Schreiber","The true story of how the Boston Globe uncovered the massive scandal of child molestation and cover-up within the local Catholic Archdiocese, shaking the entire Catholic Church to its core.",93,8.6,8.9,,
Digging for Fire,tt3704416,2015,21 Aug 2015,85 min,Drama,Joe Swanberg,"Jake Johnson, Rosemarie DeWitt, Orlando Bloom, Brie Larson",The discovery of a bone and a gun send a husband and wife on separate adventures over the course of a weekend.,69,6.0,6.1,,
Truth,tt3859076,2015,30 Oct 2015,125 min,"Biography, Drama",James Vanderbilt,"Cate Blanchett, Robert Redford, Topher Grace, Dennis Quaid","Newsroom drama detailing the 2004 CBS 60 Minutes report investigating then-President George W. Bush's military service, and the subsequent firestorm of criticism that cost anchor Dan Rather and producer Mary Mapes their careers.",66,6.2,N/A,,
Band of Robbers,tt4048668,2015,13 Jun 2015,95 min,"Adventure, Comedy, Crime","Aaron Nee, Adam Nee","Kyle Gallner, Adam Nee, Matthew Gray Gubler, Hannibal Buress","Tom Sawyer and Huck Finn are grown men, still searching for the hidden treasure that has eluded them since childhood.",N/A,8.1,N/A,,
Point Break,tt2058673,2015,25 Dec 2015,113 min,"Action, Crime, Sport",Ericson Core,"Édgar Ramírez, Luke Bracey, Ray Winstone, Teresa Palmer","A young FBI agent infiltrates an extraordinary team of extreme sports athletes he suspects of masterminding a string of unprecedented, sophisticated corporate heists. ""Point Break"" is inspired by the classic 1991 hit.",N/A,5.2,3.7,,
Fifty Shades of Black,tt4667094,2016,29 Jan 2016,N/A,Comedy,Michael Tiddes,"Jane Seymour, Marlon Wayans, Kali Hawk, Mike Epps",A parody of the popular film/novel 50 Shades of Grey.,N/A,N/A,N/A,,
The Last Witch Hunter,tt1618442,2015,23 Oct 2015,106 min,"Action, Adventure, Fantasy",Breck Eisner,"Vin Diesel, Rose Leslie, Elijah Wood, Ólafur Darri Ólafsson",The last witch hunter is all that stands between humanity and the combined forces of the most horrifying witches in history.,34,6.1,3.8,,
All Things Must Pass: The Rise and Fall of Tower Records,tt3272570,2015,16 Oct 2015,94 min,"Documentary, History, Music",Colin Hanks,"Chris Cornell, Heidi Cotler, Chuck D., Rudy Danzinger","'All Things Must Pass' is a documentary that explores the rise and fall of Tower Records, and its legacy forged by its rebellious founder, Russ Solomon.",73,7.4,6.9,,
Racing Extinction,tt1618448,2015,18 Sep 2015,90 min,"Documentary, Action, Adventure",Louie Psihoyos,"Elon Musk, Louie Psihoyos, Jane Goodall, Leilani Münter",A documentary that follows undercover activists trying to stave off a man-made mass extinction.,81,8.2,7.5,,
Un gallo con muchos huevos,tt4643580,2015,11 Sep 2015,98 min,Animation,"Gabriel Riva Palacio Alatriste, Rodolfo Riva-Palacio Alatriste","Bruno Bichir, Carlos Espejel, Angélica Vale, Omar Chaparro","Toto, a young chick born the run of the litter, rises to the occasion when a rancher threatens his home and his family.",N/A,6.0,N/A,,
Mistress America,tt2872462,2015,14 Aug 2015,84 min,Comedy,Noah Baumbach,"Nat Baldwin, Juliet Brett, Andrea Chen, Michael Chernus","A lonely college freshman's life is turned upside down by her impetuous, adventurous soon-to-be stepsister.",75,6.9,7.4,,
Finders Keepers,tt3462002,2015,25 Sep 2015,82 min,Documentary,"Bryan Carberry, Clay Tweel","Shannon Whisnant, John Wood","Shannon Whisnant purchased a grill at an auction. Inside the grill was an amputated leg. What follows is a story centered on the enterprising Whisnant and John Wood, the man whose leg wound up in the grill due to an odd chain of events.",80,7.0,N/A,,
Sisters,tt1850457,2015,18 Dec 2015,118 min,Comedy,Jason Moore,"Amy Poehler, Tina Fey, Maya Rudolph, Ike Barinholtz",Two sisters decide to throw one last house party before their parents sell their family home.,58,6.7,N/A,,
Mojave,tt2322517,2015,03 Dec 2015,93 min,Thriller,William Monahan,"Oscar Isaac, Mark Wahlberg, Garrett Hedlund, Walton Goggins","A suicidal artist goes into the desert, where he finds his doppelgänger, a homicidal drifter.",47,5.6,N/A,,
Time Out of Mind,tt3505712,2014,01 Oct 2015,120 min,Drama,Oren Moverman,"Richard Gere, Ben Vereen, Jena Malone, Steve Buscemi","George seeks refuge at Bellevue Hospital, a Manhattan intake center for homeless men, where his friendship with a fellow client helps him try to repair his relationship with his estranged daughter.",75,5.7,6.8,2.7,80017284
Don Verdean,tt3534282,2015,11 Dec 2015,90 min,Comedy,Jared Hess,"Sam Rockwell, Amy Ryan, Will Forte, Danny McBride",A self-professed biblical archaeologist who has fallen on hard times starts to bend the truth in order to continue inspiring the faithful.,39,5.4,4.3,,
This Changes Everything,tt1870548,2015,14 Nov 2015,89 min,Documentary,Avi Lewis,N/A,A look at seven communities around the world with the proposition that we can seize the crisis of climate change to transform our failed economic system into something radically better.,59,6.3,N/A,,
Cop Car,tt3813310,2015,07 Aug 2015,88 min,Thriller,Jon Watts,"Kevin Bacon, James Freedson-Jackson, Hays Wellford, Camryn Manheim",A small town sheriff sets out to find the two kids who have taken his car on a joy ride.,66,6.2,7.0,,
Kung Fu Panda 3,tt2267968,2016,29 Jan 2016,N/A,"Animation, Action, Adventure","Alessandro Carloni, Jennifer Yuh","Jack Black, Angelina Jolie, Dustin Hoffman, Jackie Chan","Continuing his ""legendary adventures of awesomeness"", Po must face two hugely epic, but different threats: one supernatural and the other a little closer to his home.",N/A,N/A,N/A,,
Wazir,tt0315642,2016,08 Jan 2016,N/A,"Crime, Drama, Mystery",Bejoy Nambiar,"Amitabh Bachchan, Farhan Akhtar, Aditi Rao Hydari, John Abraham","'Wazir' is a tale of two unlikely friends, a wheelchair-bound chess grandmaster and a brave ATS officer. Brought together by grief and a strange twist of fate, the two men decide to help ...",N/A,N/A,N/A,,
The Lady in the Van,tt3722070,2015,15 Jan 2016,104 min,"Biography, Comedy, Drama",Nicholas Hytner,"Maggie Smith, Jim Broadbent, Clare Hammond, George Fenton",A man forms an unexpected bond with a transient woman living in her car that's parked in his driveway.,67,6.9,7.2,,
Theeb,tt3170902,2014,06 Nov 2015,100 min,"Adventure, Drama, Thriller",Naji Abu Nowar,"Jacir Eid Al-Hwietat, Hussein Salameh Al-Sweilhiyeen, Hassan Mutlag Al-Maraiyeh, Jack Fox","In the Ottoman province of Hijaz during World War I, a young Bedouin boy experiences a greatly hastened coming of age as he embarks on a perilous desert journey to guide a British officer to his secret destination.",80,7.5,7.5,,
Ride Along 2,tt2869728,2016,15 Jan 2016,N/A,"Action, Comedy",Tim Story,"Olivia Munn, Glen Powell, Kevin Hart, Ice Cube","As his wedding day approaches, Ben heads to Miami with his soon-to-be brother-in-law James to bring down a drug dealer who's supplying the dealers of Atlanta with product.",N/A,N/A,N/A,,
He Named Me Malala,tt3065132,2015,22 Oct 2015,88 min,Documentary,Davis Guggenheim,"Malala Yousafzai, Ziauddin Yousafzai, Toor Pekai Yousafzai, Khushal Yousafzai","A look at the events leading up to the Taliban's attack on Pakistani schoolgirl, Malala Yousafzai, for speaking out on girls' education followed by the aftermath, including her speech to the United Nations.",61,6.1,6.6,,
Kilo Two Bravo,tt3622120,2014,13 Nov 2015,108 min,"Adventure, Drama, Thriller",Paul Katis,"David Elliot, Mark Stanley, Scott Kyle, Benjamin O'Mahony","Kajaki Dam 2006. A company of young British soldiers encounter an unexpected, terrifying enemy. A dried-out river bed, and under every step the possibility of an anti-personnel mine. A mine that could cost you your leg - or your life.",N/A,7.1,7.6,,
The Night Before,tt3530002,2015,20 Nov 2015,101 min,Comedy,Jonathan Levine,"Joseph Gordon-Levitt, Seth Rogen, Anthony Mackie, Jillian Bell","On Christmas eve, three lifelong friends, two of whom are Jewish, spend the night in New York City looking for the Holy Grail of Christmas parties.",58,7.2,6.0,,
The Boy,tt3882082,2016,22 Jan 2016,N/A,"Horror, Thriller",William Brent Bell,"Lauren Cohan, Rupert Evans, Ben Robson, Diana Hardcastle","An American nanny is shocked that her new English family's boy is actually a life-sized doll. After violating a list of strict rules, disturbing events make her believe that the doll is really alive.",N/A,N/A,N/A,,
Yosemite,tt2992000,2015,08 Jan 2016,80 min,Drama,Gabrielle Demeestere,"James Franco, Henry Hopper, Steven Wiig, Barry Del Sherman","It's the fall of 1985. The intertwining tales of three 5th grade friends, Chris, Joe and Ted, unfold in the suburban paradise of Palo Alto, as the threat of a mountain lion looms over the community.",N/A,6.6,N/A,,
Spectre,tt2379713,2015,06 Nov 2015,148 min,"Action, Adventure, Thriller",Sam Mendes,"Daniel Craig, Christoph Waltz, Léa Seydoux, Ralph Fiennes","A cryptic message from Bond's past sends him on a trail to uncover a sinister organization. While M battles political forces to keep the secret service alive, Bond peels back the layers of deceit to reveal the terrible truth behind SPECTRE.",60,7.0,6.4,,
Crimson Peak,tt2554274,2015,16 Oct 2015,119 min,"Drama, Fantasy, Horror",Guillermo del Toro,"Mia Wasikowska, Jessica Chastain, Tom Hiddleston, Charlie Hunnam","In the aftermath of a family tragedy, an aspiring author is torn between love for her childhood friend and the temptation of a mysterious outsider. Trying to escape the ghosts of her past, she is swept away to a house that breathes, bleeds - and remembers.",66,6.8,6.5,,
Exposed,tt4019560,2016,22 Jan 2016,102 min,Drama,Declan Dale,"Ana de Armas, Gabe Vargas, Sandy Tejada, Ariel Pacheco","After witnessing a miracle, a young Latina woman experiences strange things as a police detective searches for the truth behind his partner's death.",N/A,N/A,N/A,,
Moonwalkers,tt2718440,2015,15 Jan 2016,107 min,Comedy,Antoine Bardou-Jacquet,"Ron Perlman, Rupert Grint, Robert Sheehan, Stephen Campbell Moore","After failing to locate the legendary Stanley Kubrick, an unstable CIA agent (Ron Perlman) must instead team up with a seedy rock band manager (Rupert Grint) to develop the biggest con of all time-staging the moon landing.",N/A,6.6,N/A,,
The Forest,tt3387542,2016,08 Jan 2016,N/A,Horror,Jason Zada,"Natalie Dormer, Taylor Kinney, Yukiyoshi Ozawa, Eoin Macken",An unexplained horror occurs in a Japanese forest.,N/A,N/A,N/A,,
Krampus,tt3850590,2015,04 Dec 2015,98 min,"Comedy, Fantasy, Horror",Michael Dougherty,"Adam Scott, Toni Collette, David Koechner, Allison Tolman",A boy who has a bad Christmas ends up accidentally summoning a Christmas demon to his family home.,49,6.8,N/A,,
Sleeping with Other People,tt3165612,2015,12 Aug 2015,101 min,Comedy,Leslye Headland,"Alison Brie, Jason Sudeikis, Jordan Carlos, Margarita Levieva","A good-natured womanizer and a serial cheater form a platonic relationship that helps reform them in ways, while a mutual attraction sets in.",64,6.5,6.1,,
Labyrinth of Lies,tt3825638,2014,06 Nov 2014,124 min,Drama,Giulio Ricciarelli,"Alexander Fehling, André Szymanski, Friederike Becht, Johannes Krisch",A story that exposes the conspiracy of prominent German institutions and government branches to cover up the crimes of Nazis during World War II.,62,7.3,6.6,,
Goodnight Mommy,tt3086442,2014,11 Sep 2015,99 min,"Drama, Mystery, Thriller","Severin Fiala, Veronika Franz","Susanne Wuest, Lukas Schwarz, Elias Schwarz, Hans Escher","Twin boys move to a new home with their mother after she has face changing cosmetic surgery, but under her bandages is someone the children don't recognize.",81,6.7,7.3,,
Victor Frankenstein,tt1976009,2015,25 Nov 2015,110 min,"Drama, Horror, Sci-Fi",Paul McGuigan,"Daniel Radcliffe, Jessica Brown Findlay, Bronson Webb, James McAvoy","Told from Igor's perspective, we see the troubled young assistant's dark origins, his redemptive friendship with the young medical student Viktor Von Frankenstein, and become eyewitnesses to the emergence of how Frankenstein became the man - and the legend - we know today.",36,6.3,4.6,,
6 Years,tt3799372,2015,18 Aug 2015,85 min,"Drama, Romance",Hannah Fidell,"Taissa Farmiga, Ben Rosenfield, Lindsay Burdge, Joshua Leonard","A young couple bound by a seemingly ideal love, begins to unravel as unexpected opportunities spin them down a volatile and violent path and threaten the future they had always imagined.",53,5.6,N/A,3,80045922
Z for Zachariah,tt1598642,2015,28 Aug 2015,98 min,Drama,Craig Zobel,"Chiwetel Ejiofor, Margot Robbie, Chris Pine","In the wake of a disaster that wipes out most of civilization, two men and a young woman find themselves in an emotionally charged love triangle as the last known survivors.",68,6.0,6.9,,
Monster Hunt,tt3781476,2015,16 Jul 2015,111 min,"Action, Comedy, Fantasy",Raman Hui,"Baihe Bai, Boran Jing, Wu Jiang, Elaine Jin","The cute baby monster Huba is the child of a human man and a monster queen, threatened by both monster-hating humans and monsters attempting to capture the new-born in an ancient world based on medieval China.",N/A,6.3,N/A,,
Norm of the North,tt1594972,2016,15 Jan 2016,86 min,"Animation, Adventure, Comedy",Trevor Wall,"Heather Graham, Bill Nighy, Rob Schneider, James Corden","Displaced from their Arctic home, a polar bear named Norm and his three lemming friends wind up in New York City, where Norm becomes the mascot of a corporation he soon learns is tied to the fate of his homeland.",N/A,N/A,N/A,,
Wolf Totem,tt2909116,2015,19 Feb 2015,121 min,Adventure,Jean-Jacques Annaud,"Shaofeng Feng, Shawn Dou, Ankhnyam Ragchaa, Yin Zhusheng","During China's Cultural Revolution, a young urban student is sent to live with Mongolian herders, where he adopts a wolf cub.",58,6.6,6.6,,
Joy,tt2446980,2015,25 Dec 2015,124 min,"Biography, Comedy, Drama",David O. Russell,"Jennifer Lawrence, Robert De Niro, Bradley Cooper, Édgar Ramírez",Joy is the story of a family across four generations and the woman who rises to become founder and matriarch of a powerful family business dynasty.,N/A,N/A,6.1,,
The Lady in the Car with Glasses and a Gun,tt4159182,2015,18 Dec 2015,93 min,Thriller,Joann Sfar,"Freya Mavor, Benjamin Biolay, Elio Germano, Stacy Martin","A secretary steals her boss' car to go joyriding. She visits a seaside town she swears she's never been to, but everyone knows her name. And when a body turns up in the trunk of the car, ...",N/A,5.5,6.0,,
My All American,tt3719896,2015,13 Nov 2015,118 min,"Biography, Drama, Sport",Angelo Pizzo,"Finn Wittrock, Sarah Bolger, Robin Tunney, Aaron Eckhart","Freddie Steinmark, an underdog on the gridiron, faces the toughest challenge of his life after leading his team to a championship season.",34,6.5,N/A,,
Noma My Perfect Storm,tt4610372,2015,18 Dec 2015,100 min,Documentary,Pierre Deschamps,Rene Redzepi,"After winning a Best Restaurant In The World award in 2010, 2011, 2012, and 2014, chef Rene Redzepi discusses his Copenhagen restaurant Noma and how his culinary philosophy has shaped its success.",N/A,5.6,N/A,,
She's Funny That Way,tt1767372,2014,21 Aug 2015,93 min,Comedy,Peter Bogdanovich,"Imogen Poots, Illeana Douglas, Graydon Carter, Owen Wilson","On the set of a playwright's new project, a love triangle forms between his wife, her ex-lover, and the call girl-turned-actress cast in the production.",45,6.2,5.1,,
Sicario,tt3397884,2015,02 Oct 2015,121 min,"Action, Crime, Drama",Denis Villeneuve,"Emily Blunt, Benicio Del Toro, Josh Brolin, Victor Garber",An idealistic FBI agent is enlisted by an elected government task force to aid in the escalating war against drugs at the border area between the U.S. and Mexico.,81,8.0,8.0,,
Prem Ratan Dhan Payo,tt3595298,2015,12 Nov 2015,164 min,"Action, Drama, Romance",Sooraj R. Barjatya,"Salman Khan, Sonam Kapoor, Anupam Kher, Neil Nitin Mukesh","While recovering from an assassination attempt four days before his coronation, a stern prince is replaced by a heartfelt lookalike.",N/A,5.0,N/A,,
The 5th Wave,tt2304933,2016,22 Jan 2016,N/A,"Adventure, Sci-Fi, Thriller",J Blakeson,"Chloë Grace Moretz, Liev Schreiber, Maika Monroe, Maria Bello","Four waves of increasingly deadly alien attacks have left most of Earth decimated. Cassie is on the run, desperately trying to save her younger brother.",N/A,N/A,N/A,,
A Royal Night Out,tt1837562,2015,04 Dec 2015,97 min,"Drama, Romance",Julian Jarrold,"Sarah Gadon, Bel Powley, Emily Watson, Rupert Everett","On V.E. Day in 1945, as peace extends across Europe, Princesses Elizabeth and Margaret are allowed out to join the celebrations. It is a night full of excitement, danger and the first flutters of romance.",58,6.4,N/A,,
